playlist_id,playlist_name
2829883282,[华语私人订制]最懂你的华语日推
2602222983,精选|网络热歌分享
2438292020,听说你也在找好听的华语歌
2651036663,那些好听到爆了的歌
2682044074,精选｜耳熟的翻唱合集
979321026,好听到单曲循环
2324451155,华语民谣：治愈孤独患者的暖心民谣歌单
2335673654,隔壁老樊/枯木逢春/解忧邵帅/尚士达/颜人中
575168245,你好2020♡
2347480105,你是年少的欢喜
2709514173,你会爱上这个流行华语歌单
2287380795,2019最新热歌分享（持续更新）
941306349,「华语」哭泣使人乞讨思念使人奔跑
2232237850,耳朵喜欢你好听到可以单曲循环
2353471182,攒了一大堆好听的歌想和你一起听
2578068117,2018年度最热新歌TOP100
2336047826,超好听的男声翻唱哦
2780667664,『失恋必听歌曲』你会突然听懂这些歌!
2429488976,『好听的翻唱Cover集』
981112680,支撑美术画画Or肝作业的力量耐听杂食
2715933347,精选｜Cover的那些循环歌曲
2979314208,民谣是枪，孤独上膛
3015005874,「翻唱」好听的歌永远没有完整版
2982252440,你是自己永远的伴侣请照顾好自己
2946227728,民谣一个人的孤独
2362006321,适合画画肝作业时听的歌
930563641,网络热歌分享〖持续更新〗
2748205282,隔壁老樊解忧邵帅
2521908373,爱民谣怎么会没故事/隔壁老樊
2445761489,孤独患者：隔壁老樊，北方的樊凯杰
2396572849,Gifty二嘉可乐美味叽叽方宇杰杜航万青姜鹏
2758023678,隔壁老樊•专属歌单
2279310366,民谣伴奏（持续更新）
2519421178,『吉他』-民谣伴奏(持续更新)
2818021270,隔壁老樊尚six花粥王贰浪枯木逢春
2580007951,黑胶VIP专享
2663967597,隔壁老樊-樊凯杰
2658928609,如果不曾看过太阳，本可忍受黑暗。
2353275887,精选丨林宥嘉薛之谦毛不易李荣浩陈奕迅
2846054862,用音乐保持你每天的嘴角上扬
2306664471,薛之谦陈奕迅李荣浩林宥嘉林俊杰郭顶
2557918409,KTV必点：有没有一首歌，唱着唱着就泪奔
2385384236,失恋必听歌单|因为你突然听懂了很多歌
2451836751,700首流行经典老歌|80/90/00后KTV怀旧珍藏
698720887,华语百首|回忆伤人无声，唱不尽世间遗憾
2538140268,失恋歌单
2511560749,温柔暴击|沉溺于男友音的甜蜜乡
2889967036,希望你到夜里就失落
2214600893,华语精选·怎样惊艳一首歌才够资格10w+
2059430694,痛彻心扉地哭，然后刻骨铭心地记住
402924168,你知道思念一个人的滋味吗
582163210,「元旦快乐」可以随机播放好听的中文歌！
2870902341,一定有首歌你单曲循环过
2802435509,毕业季：青梅煮酒，最傻最刻骨
2772339722,成长│世界上没有真正的感同身受
2806641770,一别两宽各自安好
2645509561,男生的温柔侵入心底珊瑚长出海面伸向月亮
2990283229,下个季节很干净没有故事没有你
1982066521,假如能回到过去，你想做什么
2398073506,毛不易薛之谦李荣浩
2774666966,很喪很伤感的音乐，听了真的会哭
2433860552,「精选」好听到单曲循环（cover+原创）
2004288713,rapper说情话
2492834537,"⠀⠀⠀⠀⠀⠀⠀""听完這些歌就把你忘了"""
462072098,一些好听到爆的中文rap
2866470354,你的李荣浩
2474537199,若是心怀旧梦就别再无疾而终
2998741834,『卧室推荐』关上门/舒适度百分之百
826721715,你需要一首BGM，来撑起你的内心戏！
764871200,睡眠丧歌/夜难熬吗
815573174,好听到可以单曲循环(中)
577991289,『华语』百首精选，听歌如见你
2977467130,友情客串却留下刻骨铭心回忆
2932022631,你一定会遇到满心满眼都是你的人
111053239,李荣浩x薛之谦
2908986946,拜托不要不开心你真的是很好很可爱的女孩
733782317,只要能遇见你，就不怕姗姗来迟
2821194580,遇到烦恼的时候，快来哼一首快乐的歌
3001035934,国风新潮大赏|歌声岂合世间闻
2150925989,你得像死了一样消失在他的生活里
691394551,那人那景都将在遗忘中重新拾起
2928885828,手牵着阳光，做一个每天活力满满的自己
2849193193,烟嗓男音翻唱-深情惬意
2697647261,单曲循环过的那些音乐
2954378038,一个水瓶座的歌单
2456961456,给猪猪甜甜的歌单
2375582036,山水一程三生有幸.
2422787988,睡觉时听的安眠曲微丧
2711754983,华语民谣大合辑：一人一首代表作
2946483846,海棠的真香警告
741589344,黃昏時偷走你的肋骨釀酒（翻唱2019）
2722363686,超鸡好听的好歌推荐鸭
2954775879,黑魔仙公主
2252937063,买不到你的初心.
2817981559,玄一-有人（德云社版）
613256357,双泽君视频歌单
448048900,舍生而取E者也
2250148961,博君一肖！！！！！！！！！
444474344,你终于承认世界安静了
2119065118,寄君一曲，不問曲終人聚散
2147766404,孤独留给自己.
812559708,生活充满希望丨纯因悦
3006398457,那个说爱你一辈子的人现在还在你身边吗
2850086850,十年前的歌还在，陪你一起听歌的人呢
2395304063,怀旧|闲暇细数90后的回忆杀
2339725169,那些年甜甜的歌，甜到爆表～～～
2796821320,网络热播的那些神仙声音（持续更新）
2578458468,林俊杰最全歌单（live除外）
2722414276,“复古向”|中年少男少女的怀旧日常
3044976713,你少年时代最想保护的那个人现在怎么样了？
2949670843,别丧别自卑要努力做个自律自信的人
2513714981,请你一定不要停下来成为你想成为的人
2439505053,超好听的翻唱Cover集『百听不厌』
2444897054,超好听Cover翻唱集「百听不厌」
2466129122,回忆杀系列2000-2010年代/伤感/怀旧
2462024605,＃音乐的力量·华语♡
2050135367,确定过眼神，余生都是你
2879574835,夏乏解除！提神剂可以安排上了
2969910223,想把星星揣在兜里跑到远处送给你
1996644701,老歌越听越经典，旧人越看越无情。
325606188,『回忆童年经典动画片主题曲』
2491191603,回忆00后看过的经典动画片歌曲
2139324915,歌词唱透了心声，回忆模糊了眼眸
2437977695,《狼殿下》《剑王朝》《三千鸦杀》♡
2947103373,犯困急救剂，节奏专治瞌睡虫
2194045850,林俊杰——出道十六年金曲集
2506086296,不管什么时候听都会想知道名字的歌曲
2792976270,你肯定能熬到不喜欢TA的那一天
2439052862,「某音某手网红歌单」精选热播
2545279594,你打算什么时候去见那个超级想见的人啊
2445019773,治愈率100％：抚慰在感情中受伤的心
2713051252,对未来的真正热爱是把一切献给现在
111221399,那些好听到发疯的粤语歌
632021463,『粤语』好听到爆的粤语歌单.
2184514748,5.1声道无损环绕音乐
2963758932,复古计划|一首老歌带给你旧时光里的爱
2571885518,好听到无赖的粤语歌单.
502843585,时间有泪—香港十大作词人写尽世间酸甜苦辣
3037534703,你想对十年后的自己说些什么呢？
2862886083,你今天好吗被人左右情绪了吗
2993162734,记得开心，即便在那些糟糕的日子里
773961621,华语|此生一定要去演唱会哭一次
2433117527,听陈奕迅的人心里应该很温柔吧.
981484303,『粤语』听一首把自己感动的歌
133619338,叱咤樂壇的流行-粵耳旋律
69511079,那些eason最好听的歌❤️
2688050114,粤语live|欢呼声响起只为逝去的青春感动
2545676687,听歌不听Live版，跟闲鱼有什么区别
2945502611,【粤语】温柔了岁月细腻到心尖
2870710862,陈奕迅.
2661248825,杨千嬅【明知爱这种男孩子】
2076807917,林子祥(GeorgeLam)你大爷永远是你大爷
2963113116,新学年：攒了一暑假的开心事，想马上告诉你
631803088,突然不爱了
310970433,【旋律控】超级好听的欧美良曲
2439359373,神仙翻唱|个人向
2807168180,●°丨520首丨超级好听的翻唱合集丨
2432006554,二十首歌听遍感情的酸甜苦辣
696867790,适合航拍-旅行BGM《不定期更新》
2245025207,这歌单里的歌不好听.
2656408838,精选翻唱cover
903253897,人生建议：keepitreal
2626714220,程一电台
721365614,一个双子座的歌单
416559809,「民谣」民谣是唱给自己的歌。
2932761778,深夜故事歌曲|愿你安好，陌生人
649486836,三剂良药：民谣、烟、酒
2233406754,放一首悲伤的歌换一首还是悲伤的
749895245,名字长到无力吐槽却还不错的歌
808516999,垃圾也曾是禮物
2980702820,别回味细节别假设可能别在脆弱时找他
2261802701,民谣不止有南山南
2268097349,日常慢节奏
581343033,民谣啊谣
2550212782,沙漠之猪
2549561813,小酒馆，不打烊
2332154163,大雅之俗
2472389463,「民谣」孤独的人总会相遇
688656439,世界属于行动派（持续更新）
2195279820,下载的嘤乐。
2234734691,五年故事
2983726621,成长篇|认识到自己的平凡，并且接受
2894197518,环游遍了整个星系，找不到比你更亮的星星
2442105053,尚six，彦祖，老樊，阿虾，颜人中
876097430,【520甜蜜合集】甜你一下
2661486085,顏人中～
2983892338,要把温柔和善良，留给值得的人
2398013157,【单曲循环】女生一定要听的甜甜的歌
2977067149,青春重置计划：邀你一起走过时间的缝隙
2684088238,顏人中翻唱過的歌曲
2455597618,那就晚安
933309088,练习用填词beat(说唱/R&B)
387173433,生命中有多么遗憾
2470809289,待翻唱曲目
2012149717,running
2713759468,颜人中的隔壁小窝
2687632672,人生短短几个秋不醉不罢休
2309572738,偏民谣/世人皆知山龄喜无人知晓卢氏悲
2776597780,青春重置计划+原来都是葛大为(持续更新)
2646230207,人声参考
329641066,烟酒嗓与民谣儿°
510529769,他没那么喜欢你，只是刚好遇见你
2977700956,愿一切美好都奔向你，把日子过得亮起来
2182683172,致回不去的校园，致那美好的曾经
753776811,毛不易|不善言辞的深情
2497502812,毛不易‖一杯敬明天一杯敬过往
2729966026,趁时光还未老，去见你想见的人吧
455754938,民谣/孤独患者
2731655806,耳机像是输液管，来点音药吧
3021087157,熬过无人问津的日子才有诗和远方
2658663155,学习时安静的歌曲（持续更新）
931665053,明日之子毛不易❤️（全）
2750978184,每天都很晚睡的你，在想些什么？
2836499019,路还很长温暖的事以后一定会发生
2520454912,遥不可及|还有多远才能进入你的心
2853657822,青春不散场毕业是没有再见的骊歌
56345021,【欧美动画电影中的洗脑调调2019】
2460054991,云村锦鲤丨收下这个歌单，带你脱非渡欧！
2246610538,毛不易廖俊涛钟易轩
2931742174,毛不易❤️❤️
2144732064,毛不易薛之谦「愿所有深情不被辜负」
2349188270,《香蜜沉沉烬如霜》电视剧原声带
2349844278,香蜜沉沉烬如霜
2408901803,公告牌音乐榜
2016469215,吾灼溯流
2856733833,明日之子第三季女生季水晶时代|原唱歌单
2855871989,明日之子第三季水晶时代（第十期已更新）
2339740063,明日之子第一季
2517257191,毛不易李荣浩
2514180255,毛不易薛之谦
1998414933,［男声］［女声］［欧美］［网络］［孤僻］
2556128012,毛不易新歌
2770828912,「向往的生活第三季」BGM|EP05更新
3017014395,湖南卫视｜舞蹈风暴01+02
2337310970,自修室刷题必备，写题的手就是停不下来啊
2927241345,网剧《极限17》系列原声带
2059475723,电影《无问西东》配乐甄选集
2539995555,《西南联大》纪录片
2055400114,无问西东电影插曲
2400773976,结婚歌单
3053321137,冬天都来了，你怎么还不来
3034422300,孤单日子里，听他们把温柔哼成一首歌
635903110,一个天蝎座的听歌列表
518621467,想开一家奶茶店这些歌列表循环就叫它&经历
2714388615,花花「华晨宇总有一面适合你」
2006262850,华晨宇|三张专辑歌曲完整版
2686152638,你总要孤身一人尝遍所有的孤独
2997207196,安静治愈系：快签收你的梦幻男友
2815616232,100味夜晚催眠男声唱出谁的孤单心事
2746809430,有时候你自己就是琐碎生活中的英雄梦想
2674070097,『华晨宇』震撼人心的高音
2929230550,浩瀚星空|银河系观光指南
2720965607,孤独的12个等级，你属于第几级
2564404001,愿每个孤独的人都有属于自己的歌
2977458007,克卜勒定律|总有孤单星球成为你的宇宙
2759645390,不管生活丧成什么样子，也还是要继续啊
2688873035,肩负学业重担，依旧保持微笑
2903932321,肖战哥哥唱过或推荐过的歌
2149897736,歌手【华晨宇:爱大魔王哥哥嘛❤】
2635359836,好听到单曲循环鸭
2815777391,好听到可以单曲循环鸭
69325611,设计师工作背景音乐
743558697,看小说听的歌曲（古风）
2683848158,不曾刻骨铭心，为何念念不忘？
2332465328,古风精选：难忘你倾世容颜
2333142183,有故事的男生，唱着有故事的歌
2767811922,古风｜闲庭抚琴桃花酒，叶落似是故人归
2685449094,「居家古风」如何把生活过成诗
2870848805,「醉爱」中国风
2632467373,每次在回家的路上你会选择听哪些歌
2385374546,来者何人，你的人
2888301972,错把时间当良药谁料只愈皮外伤
2499781992,你最想对暗恋的人说的一句话是什么
2765820785,告白吧！喜欢和你有关的一切
2541329756,汪苏泷/徐良/许嵩/单色凌/孙子涵/星弟
162077153,音乐才子许嵩经典歌曲
2391786657,小贱星弟许嵩汪苏泷徐良
2874623507,你一定喜欢这个歌单
2255796408,提及年少一词，应与平庸相斥
2013219926,〔激斗〕超燃古风
2964557525,趣味加油站|那些被玩坏的歌名
617728052,抑制不住的喜歡`
2440480388,在这些孤单角色里，你是否找到了自己？
2074273616,想要办一场古风婚礼，许一世天地作嫁
98317854,KTV麦霸必点歌曲
2556878438,学生时代歌词本，书写青春岁月
2810133722,什么风格都有才不会听腻
2792085260,人长久，共婵娟
2621874307,听歌最怕应景，睹物最怕思人
75531717,Vocaloid中文良曲集洛天依言和乐正绫
973451038,徐良许嵩汪苏泷初中三巨头
2239349364,徐秉龙♡沈以诚♡余佳运♡焦迈奇♡郭顶
2089451943,徐秉龙沈以诚王宇良孟凡明栗先达焦迈奇太一
2220042776,沈以诚\徐秉龙\方宇杰\焦迈奇\孟凡明\姜鹏
3076749857,嘿宇宙发来的晚安你接收到了吗
2482645921,失恋‖不要踮起脚尖去爱一个人站不稳的。
586302582,耳朵喜欢你
2786335966,那些好听的古风歌曲
2407258591,♡火爆全网歌单大全♡
3072699525,致曾经的自己丨握手言和与昨天说再见
2802039750,你走以后再也没有
3044613096,[耳机避风港]如果累了来这里停泊
2788431035,总有一个人教会你成长然后悄无声息的离开
172595349,有没有一句歌词直戳内心
2405606841,【翻唱+原创声控福利】男友音~苏喂♡
912837255,【每日一丧】伤感/走心
2882993443,|2019|青春题材影视原声集
2197916536,及时行乐极生悲
651708051,如果你也喜欢徐秉龙
974763910,民谣精选你的名字美如诗
976025912,［经典民谣］不止南山南
632590535,威士忌的碎冰/沈以诚
2290572876,流行歌曲（伴奏版/纯音乐）（助眠）
2465422774,花粥-民谣女流氓
2382830188,『偶像练习生』大厂男孩们的歌持续收录中♥
111459342,银临女神的个人歌单
2189109402,好想把你一口气全部吃掉
2207482536,沈以诚焦迈奇徐秉龙～
990801851,治愈系男友声◇王博文徐秉龙沈以诚余佳运
2245401887,焦迈奇沈以诚徐秉龙孟凡明余佳运茶茶
2209128966,你的星冰乐
2078627462,地球是天上一颗星
111798122,下载用的歌单
2018640908,耳机党福利|快来许愿(◦˙▽˙◦)
2341496595,「电音」你一定听过的万评电音
2821115454,[一周原创发现]宫阁的放映厅“即将上映”
2934604165,明天的生活和自己都是最值得你期待的呀
2076817880,一个天秤座的听歌列表.
2968732422,治愈日|愿你在歌声里不再流泪
2999648309,一起出去玩丨拾掇你的秋游好心情
2091484707,听说把糖放在枕头底下会做一个甜甜的梦
2814352452,生活不易，但坚持下来一定很酷
2766753738,有些人的出现就是为了来告诉你你真好骗
2428562475,声色撩人/幻想男友音/晚安好梦❤
2730262369,远赴人间惊鸿宴
2650235005,减压慢歌生活又不是热血动漫
2331136477,国风民谣|满堂花醉三千客，一剑霜寒十四州
2773607631,宝藏男孩藏在歌词里的告白||沈以诚
2802798906,只有水瓶座才可以听的歌单
2419854809,老樊沈以诚徐秉龙陈鸿宇孟凡明焦迈奇
2382814072,治愈又温柔的男友嗓啊。
2325231532,徐秉龙/沈以诚/焦迈奇/刘思鉴
2857711620,尚士达/沈以诚/焦迈奇/孟凡明/徐秉龙/小咪
2770958680,听点不一样的·跨界合作的意外之喜
2044593080,『图书馆』专心看书学习轻音乐
2145841317,只有熬不完的夜和听不完的网易云
2380162241,握紧方向盘
2616416061,【节奏控】超带感特别推荐BGM持更
2579371743,「hiphop」新势力精选
2949519188,［2020最火歌曲持续更新］
2232063715,『Y』☞德云女孩的*小曲小调小歌*张云雷为主
2728784106,华语音乐-最新快报
2880369798,『超甜说唱』甜甜的恋爱轮到你了
2799941589,需要一些活泼的歌治下丧丧的心
2897080899,生活太苦了，一定要加你这颗糖
800331353,尝一口你就知道敲甜的rap[情歌1.0]
892066255,唯愿会及时拥抱入眠
2303788974,说唱别急甜甜的恋爱马上就轮到你了哦
2581776009,2019年度最热新歌（日更）
2876811374,网络情歌一网打尽
2081795259,当妮走了|国产Rap
2512385149,适合任何时候听的歌（请随机放）
2920846364,你与明月清风一样，都是小宝藏
2012244408,让Hiphop在你内心深处开一枪
2234855597,2018中国新说唱参赛选手合集
2320682442,长日漫漫丨嘬一口说唱的超凉汽水
817194122,让人想恋爱的超甜rap
2353138113,一份超级温柔的歌单
2069749302,写作业累了，要不来一段Freestyle？
1991114941,中文-治愈-暖心-愿有人陪你鲜衣怒马
2135543528,『偶像练习生』梦回大厂
2234221021,〔❤️偶练❤️〕风里雨里大厂等你（更新中）
2242968853,偶像练习生-江湖见
760383259,独壹不贰ONO
2842028305,永彬Ryan.B
433110049,【杂乱无章的安利】
440582108,hiphop『国产高质量』
2067892602,【元旦快乐】一个摩羯座的歌单
2882817804,肖战翻唱及歌单
2864076078,温柔的晚风和音乐，一定能吹散许多不愉快吧
2298415731,林宥嘉田馥甄林俊杰苏打绿陈奕迅五月天
2867367993,七夕|天天相见也要像一年一见那样珍惜哦
2879409906,正能量：拒绝低谷时期的丧气值
2252293216,十年林宥嘉：爱你这回事，整整十年
1992641301,一条小团团OvO
2811031169,90后经典老歌，回不去的少年时代「精选」
2408879599,五月天/SHE/南拳妈妈/F.I.R./苏打绿
2633466169,租个架子鼓手陪你回家过年
2726789793,日子有点苦的时候，听这些歌加点糖吧
2869983519,一个人熬过一些苦才能无所不能
2941746138,考研备战期|常备舒燥华语
2733846815,时间会治愈一切，请给时间一点时间
2768003527,有过的心动，为何不像电影里从一而终
2799605691,设计|作图-提高效率
2788609103,晚霞洒落，将寂寞温柔豢养
2123597776,说到底还是想你
2121683105,一首林宥嘉一首苏打绿
2629041485,洒脱生活，做酷酷的自己才美丽
2799358027,愿你在以后的岁月里，真正活的不负众爱
2620713775,《成年人脆弱疗愈指南》
2958493104,今晚风很温柔一定能吹走许多烦恼
2787144704,听点不一样的·舔狗舔到最后一无所有
439354870,林宥嘉，唱到心里
2070299050,偶像练习生|ninepercent未完待续
2842546585,[撩人氧气男声]听说你缺一首温柔男友音？
2946843438,时间是片温柔羽毛，把过往灰尘轻轻掸去
2573868971,愿你足够勇敢说再见，生活将给你新的开始
2121778560,林宥嘉翻唱精选|个人向
2544633739,「林宥嘉IDOL世界巡回演唱会」台北场
863744119,100首好听的翻唱
3080400635,拒绝无趣油腻丨你的生活需要来点鸡血
2996592506,触景生情都是偷偷想念你
979183752,爱意藏在rap里
2904974388,想做你的超甜男友
2733012721,不会写词的lambertl°
2979664465,月球浪漫丨星河璀璨只想与你同游
3086143043,跳舞吧！只要音乐没停，就还有快乐的理由
2771052201,[元气听歌指南]带上好心情，现在就出发吧
102445100,让你停不下来的带感HipHop
2529165918,flow好听的说唱
2008947511,有很多的rapper情歌
2786240378,华语说唱：撩得你无法自拔
895568281,Real--表演要开始了~~请安静
735827032,【國語說唱】每段都可温柔可轰炸！
2526898742,Coco这个李文
2312676651,你这么甜就—别吃糖了吧
2323079221,中文嘻哈音乐的魅力
56834682,玩着黑怕从没倒下
496689922,开车摸乃罚六分扣二百
932190466,说唱爱好者
2961160477,享受說唱flow狂轟亂炸【每日更新】
731283203,你眼中湿度七十九的空气
325993939,⚡️HIPHOP|HeyIsLife$$$
2686691097,国内那些你没听过但很猛的rapper们
714026807,IIYC制作的音乐
2936138909,不会写词的lambert
2062742048,温柔具象
310054140,想和你看清晨与傍晚
388300150,缺背景图和头像吗
2342932056,写作业必备硬核
2137155822,Rap伴奏自用精选
820564479,Instrumentals
2340016863,PsychoPt.2（Remix）
476107461,饒舌選手
2265858667,重不重要都不要了
936957382,说唱Remix（精选）
772123397,与其深究不如放过自己好好生活.
755588114,“你那么孤独，却说一个人真好”
2411114467,丧丧就好..
604261580,不是你的girl
2470518663,[無法描述悲痛］中文丧EMORAP
487235478,〔街舞〕hiphop/swaghiphop
2427004992,beat
2480569206,听说你也在找好听的歌
2959899213,整装待发丨9月份的鸡血已提前抵达
2899295533,“山水总相逢丨来日皆可期”
618557975,GAMSING
2440877962,rapper说情话
2773489263,『断线』午夜心碎俱乐部
2811609612,以八倍镜定情(>^ω^<)
2482875764,午夜心碎俱乐部2.0
2821140439,每丧一次一次就是一天
953346292,【国语说唱】循环听的旋律说唱
2617467453,rap/中文丧
2609818095,最新潮最前沿中文rap
426410598,『RAP』中国制造态度说唱.
608280925,♡ͥ♡ͦ♡ͮ♡ͤ
769076728,Stillhere.
952117067,【孤獨说唱+傷痛俱樂部+】
2068085702,这是个准备做说唱的歌单
2689596122,今天也很丧（破烂不堪）
541905479,\聽説唱
524400757,LLLLLL
924680166,[华语速爆新歌]最新华语音乐推荐
2873969666,耳朵喜欢到不敢单曲循环
2827910968,没人喜欢孤独，只是不愿失望
906192715,自闭歌单
2644849262,愿你生活常温暖日子也总是温柔又闪光
2923735400,孤立无援的时候，你要自成宇宙
2322535536,中●高考●考研●以梦为马●不负韶华✔四字
2820338655,吃了新配的药方，就会变得越来越开心的！
991303639,你真可爱
3030241127,好想变成，你每天都在望着的那颗星啊
3064730371,在孤独难捱的日子里，哪首歌曾经陪伴过你?
2968225581,两小无猜|双人对唱间的怦然心动
2900036311,慢慢的，愿你成为自己想成为的人
2841142344,致：努力工作和认真生活的你
620809527,初识不知曲中意，再听已是曲中人
811545223,别聊别习惯别开始
2527503637,“要做什么梦是每个人的自由”
2916947535,耳朵保护协会
997582919,焦迈奇的威士忌碎冰
2199629114,♥焦迈奇♥
2025348171,舒缓男音|沈以诚焦迈奇|看简历
2411825378,乐享生活，再忙也要让自己放松一下
2520349106,听着这些歌长大的90后
2959427503,丢掉所有烦恼，今夜睡个好觉
3013129747,桥边姑娘下山喽
2923666931,天蝎座每日一听
2802892013,只有巨蟹座才可以听的歌单
637843876,甜甜的恋爱气息~(๑˃́ꇴ˂̀๑)
2666769294,你还年轻，可以成为想成为的人
2825050297,是耀温顺
2802880138,只有双子座才可以听的歌单
162043341,汪苏泷经典歌曲合集
2520958392,推土机又如何三阳
2569859730,慢慢懂汪苏泷
2613099530,耳机分你一个，想和你开启听歌心动模式
2678572883,好听到单曲循环|中文
2553596714,当中国风惊艳时光，岂能不心动
2022186054,『古风戏腔』名花不解语无情也动人
2903845464,肖战歌单+王一博歌单博君一肖
2802470018,有些歌，就是虐到骨子里却哭不出来
79825724,♫「许嵩;徐良;汪苏泷」青春记忆!
2279723449,『汪苏泷许嵩后弦徐良本兮小贱』
2170988671,「串烧」衔接无缝的歌曲串烧更新ing
2492758024,By2，本兮，路绮欧，徐良，许嵩，汪苏泷
434687869,许嵩，汪苏泷，徐良，年代代表作
1994451394,徐良＋汪苏泷＋许嵩＝青春
2784993041,【汪苏泷许嵩徐良】90后的青春
2369520736,本兮徐良汪苏泷许嵩
549555350,汪苏泷/徐良/许嵩/孙子涵/单色凌锦集
551801688,一个人的旅行，是成长路上最好的修行
3022037755,一叶知秋|在白日梦里昼短夜长
3063736985,冬天来了想和你分享一副耳机
2551864209,纯音乐/背书/做题/复习时用
611641477,人间温柔
162416681,一个双子座的听歌列表
2823477517,『尚士达』尚six
652762973,时间治愈的是愿意自渡之人
919620061,你总要一个人，经历些难捱的日子。
988690134,经典老歌，久听不厌
2237551001,粤语传世经典，怀旧是人的本能
2236351380,【经典】聼一首老歌，想念一段时光
2512725665,粤语无前奏|开口即深情入耳便钟意
917794768,翻唱简史：日本四百首
2271103368,每人一首金典粤语老歌
2639030486,给爸妈的歌单，是自己的童年
531321323,将回忆酿成烈酒入喉从此不再挽留不再回头
2020864493,人这一辈子，最怕突然听懂了一首歌。
2468971321,怀旧经典老歌-百听不厌历久珍存
704472404,愿你最初的等待，也是最后的相爱
2986733882,这些生活必需品你还缺哪一样
2299383318,黄伟文笔下的爱恨情仇
619080394,【旧时光】粤语老歌的前世今生
2374131982,抒情live｜再无相见的日子里请你保重
2075397679,漫漫長夜陪你過
2690737342,粤语高甜歌：一辈子很短要爱对的人
1994370897,百首老歌：再续当年情
2886067623,重温“粤语天后”｜经典金曲
2469909874,70.80后经典老歌甜歌
2933222749,『武侠影视金曲100首』每个人心中的武侠梦
2492536378,重温经典|武侠小说泰斗金庸逝世一周年
892851120,【粤语歌单】精选200首经典粤语老歌
746872,『张学友』百首经典
13484725,張學友LIVE全紀錄
2875741789,重温乐坛歌神张学友｜国粤金曲全纪录
803927975,粤语丨岁月流情，回味旧日的浪漫故事
2024049499,『车载粤语金典』繁闹市，百万人擦身过
1989897584,夜又深了'￡你是不是又睡不着了
2547569563,民谣吉他有烟有酒深夜歌单.（个别非民谣）
561686874,前任失恋博物馆［也许应该相信一次谎言］
469911526,青山红日
2441259969,【红色歌曲】中国红，奇迹的颜色
940012211,亲爱的国
2946346845,隔壁老樊丶解忧邵帅
2122220982,鞠文娴-BINGBIAN病变（张宗男remix）
2256856705,听什么歌都像唱自己♥
2149980771,有女朋友了，比你可爱。
2570763913,♪[民谣儿|纯音乐Sleeping】
736614949,很燃的BGM
582464119,你有多久没看星星了
2658047965,刷作业必备歌（清新，醒脑，静心）
2520739691,纯音乐解压看书刷题睡觉御用
308213605,适合视频剪辑BGM的音乐
391125700,『纯电音游戏向』戴上耳机，任由电音轰炸★
442538213,『高质量纯电音合集⑴』珍藏系列
2016107008,会让你心情变好的英文歌单❤
99426250,【电子纯音】竞技游戏必备
316223640,电子·中国风I感受角徵宫商的荡气回肠
591585623,「Chinese电音」独斟国风烟雨朦胧
2018185507,旅拍VLOG背景音乐
2321969053,中国风电音丨迷醉在朦胧诗华的江南中⚡
890149010,甜到骨子里，听进心坎里
710924662,『接个吻，开一枪』国风和电音的完美碰撞❤
2108191975,尖子生听着歌就把作业做完了！而你...
757846944,China·国人优质原创作品(电子)
2829920189,[韩系私人订制]收藏你的韩系每日推荐
2182838698,【中国风电音】好听到炸的中文电音
307656198,『电音』极品弹电鼓点
580902145,E能量的阵容其实可以这么大
605227658,个人爱好，不喜勿喷
2583211946,剪辑师|视频卡点、vlog、延时、微电影用BGM
629927483,RNG御用歌单
2385564600,meme手书/amv【☆国内外大杂烩☆】
590742560,meme手书amv大乱炖(请看介绍)
2273534636,meme×手书音乐(国内外)
2566843552,〖超燃〗BGM游戏专用
2048765657,《星露谷物语》~必备BGM(轻松向)
2843176459,中国新说唱第二季2019【全收录】
2842831818,中国新说唱2019参赛作品最全收录
2844653116,中国新说唱2019『同步更新』
2881994082,中国新说唱2019【全期己更新完】
2864218268,嗨唱转起来歌曲全收录（已整理排序）
2476600875,DBC东北王你的老舅宝石Gem
2901832025,左手画龙右手彩虹
487480716,中文rap，听歌就好了，别闹了...
2847931162,野狼disco
2141754249,好好鬼混别谈恋爱
2972160851,国风说唱：江湖风起，侠客将远行
2318443785,"知山有虎,故向虎山行(国风说唱)"
2153144229,迷人语调♥︎温热耳边风
535441118,旋律说唱beat合辑
491549860,机械震感舞POPPING课堂专属
2227238002,jazzbeatand抒情
466574078,【中文说唱】粘手的货
2769215801,「2019中国新说唱第二季」歌曲合集更新完结
2820757372,走心带感rap๑华语乐坛说唱新势力
163664556,这里才是中国有嘻哈
2916413241,【持更】了解一下好听到爆的中文说唱
2154077171,中文硬核说唱之路
63838551,街头诗人┃中国说唱持续轰炸
573911956,中国风说唱歌曲/江湖味儿说唱
322359537,【说唱】不饶舌怎么舌吻(日更)
2444798599,世上为什么有NINEONE那样酷的女孩
2153197706,国风说唱：醉酒聆歌爱恨几何
901052070,Rapper说情话|很甜的歌单
2163377982,「华语」流行与说唱结合时的爆炸化学反应
695848000,【国产说唱】MADEINCHINA-黑泡不一般
2623634470,说唱最强里的【中文说唱】
825437601,国风说唱，侠气肆起
2097635554,这才叫中国风说唱好吗
2872115782,DBC东北饶舌郭富城Gem宝石
2015142745,一支走心的说唱歌单【持续更新中】
2656779637,晚安曲：圣玛利亚
2383437785,隔壁老樊万能青年等
751392711,中文/高甜暴击║除你之外再无至爱(*´▽`人)♡
2768676621,儿时睁眼数星星入眠成年后闭眼数心事清醒
2111786426,郭顶焦迈奇沈以诚.
2277638319,放克来袭|一键开启律动时光
3703310,【郭顶】郭氏音乐顶天立地
2894416520,NEVERSAYNEVER
3046138281,『华语R&B』节奏断线，已无法跟随昨日脚印
2684061183,“爱而不得”用李焯雄的话怎么说？
2899121691,恋爱专用
315328858,随心所动，随欲而行
2750783526,『伤感华语』关于往事，一字一泪的歌曲诉说
2364737649,一个长期单身的孤独者自白
2161007233,繁华都市里的100个孤独旅人
390216762,关于爱情的歌
718085606,你的男孩T_T的歌单
2658648292,隔壁老樊/郭顶/解忧邵帅/万能青年/蘇山海
2787721269,2019仙人掌音乐节（持续更新）
168061514,斯德哥尔摩情人
34980488,中文rnb&rap，可以说是相当丰富了
3000057003,你偷偷喜欢一个人到什么程度
2831507776,虐到骨子里的歌词你能坚持听完几首？
2802810724,只有双鱼座才可以听的歌单
2895219169,单恋之人，连结束都是一厢情愿
2016394938,华语｜一首李宗盛一首杨宗纬
41564652,丧完就要快乐|三百首心酸
2919174696,黄仁俊DJ乐动首尔仁D推荐歌单星耀首尔
720580514,最新、浪漫、华语、英文、游戏战歌、DJ串烧
885010082,【最新电影原声集】
2392861247,这都是什么神仙翻唱
2447727848,“耶嘿，找到你了”
2689522332,两人合唱|轻轻诉说着歌词里的冷暖
2863549845,一首歌终将老去，但总有音乐正年轻
2416770598,高解析人声|让想念的声音再大一些吧
863632877,赌一包辣条，你的前任听了这些歌会哭成狗
2505986220,愿你活成最美好的样子
2999948129,及时止损才是成年人感情中最高级的自律
2889418945,听完就睡，耳机是天黑以后柔软的梦境
2903814051,『晚安夜曲』梦游星河，与世界共眠
2564780673,别懂李宗盛__别知杨宗纬
2053220535,杨宗纬一次就好
947206539,没有收拾残局的能力就别放纵善变的情绪
2881095031,黑白键间的沉重音符道出爱不可及的心酸
2405993167,「华语」精选最好听的翻唱（Cover）更新中!
2891082329,声入人心第二季原曲合集全完结
154939197,歌手2019（含前六季完整歌单）
2856376202,四方食事，不过一碗人间烟火
2888526427,少年不识李宗盛听懂已是曲中人
376708355,【燃向国风】浩然气、赤子心，千里快哉风
483565844,【仙侠风游戏主题歌】几段长歌几段缘
28294301,杨宗纬那些精彩翻唱与原唱
1383177,杨宗纬最好听的翻唱Top20
586594478,双子座的卧室音乐
2634783231,愿你熬得过万丈孤独藏的下星辰大海
973316478,《蕊希电台》所用歌曲
419476867,【国】再听那些国语会不会晚呢
637424692,年轻时不多经历一点老了拿什么下酒
2258798702,热心市民
2070510054,美景不会每日常在，感动不会紧随吾身
2312624114,【镇魂|巍澜】经典台词/心头血
2645546795,明星大侦探｜NZND勇敢飞，MDZZ永相随！
445265,杨宗纬金曲全记录
2748990852,你要安静的优秀，悄无声息的坚强
30014052,杨宗纬全纪录
2260046314,曾经喜欢你，卑微到尘埃里
394071844,Maps
2014755136,杨宗纬（全）
2870407291,"时光辗转,与你共赴一场少年之约"
2928351577,戴上耳机，整个世界都是你的，会疯的那种
2016877081,张杰的歌（按专辑排序）
610923085,【精选】最强翻唱TOP150（不定期更新）
2886558370,失恋听的歌持续更新
2200001353,你就是你生来具有的光芒
2585465480,此生多少情与仇，只愿与你长相守
3019870053,生命中所有的逆与顺走过了都是馈赠
922575176,张杰超级好听的歌曲
2610846948,【斗鱼温柚歌单】
2417990265,妻子的浪漫旅行bgm
2005048744,华语︱情话是一门失传的艺术
2660671591,一月不减肥，月月徒伤悲
2364987260,2018最火的歌曲
2918766270,国产HIPHOP这一个歌单就够了
820195717,流行&质优||华语电影金曲精选
2368047186,坚持下去为了想要的人生（励志歌单）
2785187129,励志-高考加油:走进一本大门
2219770152,还记得你的梦想吗？别让你的梦只有想
2673028269,用最孤独的时光，塑造最好的自己。
490273491,励志歌单。去追梦，为自己，为梦想！
445641734,带上耳机静静听一个小时吧
530928958,张杰热门单曲
961246075,终于听懂每首情歌，却再也没有可以联系的人
810222974,失恋听了会泪崩。
2631792703,小时候词不达意，长大后言不由衷
494898663,躲得过对酒当歌的夜躲不过四下无人的街
2689009734,恋爱攻略|心动只需要一首歌的时间
2600419026,抓住能实现的，义无反顾去做
2584049583,这城市风很大，孤独的人总是晚回家
2361162900,循环往复催泪古风歌曲-虐心精选
2348306362,怀旧向||时光流转从前，人生如寄
2551159751,长长的一生，不做梦怎么撑
2870887735,中国好声音2019歌曲收录
2401433881,有一种爱情叫张杰谢娜
2190547606,张杰❤全收录
2872501228,国产动画电影||看的不只是情怀
2009692921,那些绝不会忘记的国漫主题曲
2854735583,加冕为王-中国新说唱冠军杨和苏
2896996016,『不要音乐』音乐CP官方歌单
2269032036,爱就像蓝天白云晴空万里
2631395909,鱿小鱼的私藏歌单ღ（持续更新中～）
3083530215,御寒浪漫丨你是停留在脑海最美好的画面
887000829,熬夜通宵做作业学习专专用!!!
804843550,睡觉啦，晚安！
2157798533,VOL.2『原创耽美文』原创同人歌
2557952873,2019民谣酒吧歌单
899575159,听闻爱情十有九悲❌
637734278,得不到的就更加爱
2107499113,【在冬夜轻声哼唱】晚安，世界
2180241361,欧美范|毒刺玫瑰扎心爱的回味
402311355,永远只听这一个歌单
2668883684,电竞，英文，中文最火，鬼畜，爱情
2274420146,孤独/杂歌集❤
2050605648,【中文电音orRAP】一秒钟就沦陷了
2926017195,暗恋是一个人的事
2575366968,年末一起看场烟火会吧
756427575,个人喜好
2552761782,“井井有条”
950675116,所爱隔山海，山海不可平
2411022657,自己选的歌跪着也要听完
890962693,懒得分享自己去听
2394616283,宫商角徵羽国风美少年（接受推荐）
2636750170,Canyou蹦迪withme?【精】
2461966894,TD正直博
134812954,·天黑之后便是日出
624942800,ᴋɪʟʟᴇʀ『个人喜好』
1993218152,长大了才发现爱而不得是常态
2420458032,XM爱听的歌
2289763322,石头计划第二季
2476327455,浪漫制造器丨爱你这件小事
2294769705,遇见你不难过遇见过你才难过
2748471493,彤彤的单曲循环
2335369592,Alcohol-烈酒
2334352227,不善言辞
489547684,石头计划合集♦不用担心听着听着就灰了
2092245054,花店不开了花继续开
2390717297,旋律超甜的情歌/remix/丧甜/古风/日文/英文
2461316070,葱葱|当边做歌手边游戏时
1983245583,睡前故事
2529557143,小吴专属歌单
2312119459,阿方同学
535242710,Chineseyse
2650135457,给十年后的自己写封信
2541664889,暖心男声开启你的浪漫进化论
487122444,Fillmybellfullofbeer
111424091,吴语流行音乐全纪录
497224559,【吴侬软语】吴语歌曲合集
2685212108,2019年度最热新歌‖中文·流行·古风
2418739752,那些珍藏很久好听到不行的歌
2870013041,亲爱的热爱的电视剧原声带
2476663154,经典粤语合集【无损音质】黑胶唱片会员专属
171037362,香港电影中的50首经典歌曲[追忆录]
2277861412,有意思！这些歌同名不同曲唱出别样旋律
596729952,「粤语」人世间所有的相遇都是久别重逢
2883924343,一歌一会：记忆里有光忽闪，是爱存于此刻
569020058,【岁月如歌】重温那些年的经典旋律
437270067,「粤语」粤语深情，甜瘾温喉
2017609344,富士山下钟无艳，耿耿于怀罗生门
2804826732,今日份告白|爱你，是终身浪漫的开始
2490908624,《请回答1988》每一首都适合单曲循环
2776636409,你的歌词看上去很美
2003872598,粤语|那些令人彻骨生寒的绝笔情歌
941968387,粤语：风继续吹，不忍远离
645765966,张国荣精选｜你不曾真的离去
2497015528,早知道做人这么累，当初就不下凡了
362812385,【张国荣是港乐经典的一部分】
43446854,张国荣2000热情演唱会
817351430,【劲歌金曲第一弹】请选择严肃脸抖腿
2340969541,80、90后经典老歌
610040691,听首老歌回味永不褪色的华语经典
994624518,粤语|爸爸扛着录音机抖腿
751772425,单恋是一个人的兵荒马乱
2919542595,[宝藏粤语]融化在惊艳嗓音里´◡`
988301978,很多人都在怀念你Leslie哥哥
580630743,【影视经典】笑傲江湖๛执剑天涯๑
2503615980,享受浪漫时光|爵士咖啡馆营业中
2168719691,『港乐』香港电影经典原声插曲配乐
171693254,LastationArtsetMétiers
2067079376,一个比较走心的民谣歌单
651304456,朴树、许巍、李健、郑钧、老狼、赵雷、
2312165875,100首华语民谣，因为懂得才有共鸣
378324005,孤独旅人配民谣。
2817562565,行走在路上的民谣
2221422692,[民谣]携一把吉他，温三两故事，四海为家
2889901203,「民谣」一座孤岛
10139384,赵雷，一生推
2714223742,清明｜烟雨十里春深念念不忘故人
2474780902,留给孤独的人留给那个少年留给爱情
2387182880,民谣像酒有故事的人不能听
379190287,紧握拳头的小人物--赵雷
805664586,那些听不腻的民谣
2336793549,一个双鱼座的民谣歌单
2926021240,敏感患者|故事民谣
2537002977,就算生活百般滋味，但你也要笑着面对
2692139891,保持清醒，越孤独越强大
2634190529,归途的旅人是夜空中最亮的星
2916358836,『民谣』素色流年，往昔逝梦
70150771,忽晴忽雨的江湖【私藏民谣】
2972304040,70周年|对祖国的爱恋，原来全在这些歌里
2547965074,写作业必备(学霸刷题)中文安静
2386106892,很丧的民谣歌单是毒也是药
2555913667,民谣患者的民谣歌单
93476766,大冰的小屋|大冰七部作品歌手歌曲合辑
2331137135,抽烟喝酒烟嗓民谣生来死去
2000536302,【大冰的小屋】小屋歌手所有的民谣作品集
2788876166,孤独没什么不好
98332770,染上叫赵雷的烟瘾
2191434938,大事发声Ⅰ歌里唱的都是人生
2318510522,李代沫合集
2633389080,10年代最后的冬天，祈祷与你不期而遇
2885665791,世界它太小，小到容不下爱人的心
2096637314,那些年没听懂得李代沫
2422107850,天亮以前说再见
2421949617,孤独的人才听孤独的歌
376529297,饮完这杯苦酒，笑叹人生几何.
2259080870,超好听Cover翻唱集||孤单患者必备
2952501088,献给每一个处在崩溃边缘的成年人
2790816206,放下一个人需要多久？
2904709068,华语丨清晨醒来至夜里睡去耳里总要有音乐
2359625826,和过去和解吧日子过的可是将来
2477385996,抑制不住的喜歡、
620152727,Re：『中系の暖心』
2972099103,失恋博物馆|请问需要寄存您的故事吗？
121430849,最后救赎
2722916074,睡前原谅一切，醒后不问过往
2720709323,好听到爆
927773171,思念是想要穿越时间，去看看过去的你.
2742229899,“不要害怕长成生活的模样”
2468792822,天冷了，你穿秋裤么？
376243896,一首歌，两种【性别】✌️
2576149864,人間失格
29322242,听歌听故事
774956439,在人间有谁活着不像是一场炼狱
3020182385,『回家路上』有人在等你，才敢夜路远行
827755593,失恋博物馆.
376401280,喵(๑•.•๑)
692089128,自闭歌单
73382980,完美音质
2995150056,华语集|送给那个，用整个青春怀念的人
2402957225,李荣浩写的歌和一些编曲（全）
421279217,葛大为作词集
2261832355,可怜世间万物，没有四块五的妞
2198221410,只是一场烟火散落的尘埃
552201653,CHAI啦
2684729169,1874、选择
476686011,唯一的中文歌曲
827514964,『乘着时光的风』
810362446,花开富贵
456700332,让你难过
2518001683,【范玮琪经典歌曲36首】
3075966549,把音量调高|现在，你可以放心痛哭一场了
2873111403,亲爱的热爱的OST&BGM
2958537532,奈何听到的每首歌里，都有你的影子
2460315722,写数学作业时适合听的歌(理科女孩必备):)
2228745656,尤长靖｜陪你挑战万般阻碍
2245048079,长靖的歌单
2090121274,偶像练习生|大厂男孩子们鸭
2182535939,NinePercent九子参演曲目
2321138962,大厂新歌合集
2656667116,NINEPERCENT
2565709954,宝藏翻唱｜男友音△
2974225013,迷人的危险dj版(Cover：尚士达)
2352851278,狮子座的孤独寂寞
905391005,你害怕大雨吗
2949010040,玖伴\感谢陪伴
2138408099,超火短视频BGM合集
2020285089,在吗那就祝你们今年继续单身
3016406432,超好听的翻唱歌曲（王小帅）
2616066405,愿你夜夜美梦，不被心事左右。
809239670,手鼓-非洲鼓-民谣里的微风轻漾
3003491896,留下脚步听首歌
2613720120,一介酒馆
2744294992,Ronin.
2400505594,把思念丢一旁袖手旁观也无妨
2905636332,王一博♡肖战合体歌单
2298526951,好好的爱你.
2517289744,给自己的信:虽年少有憾，愿此生无悔。
2069520978,适合分手后的一个歌单
2670883685,谁说翻唱不好听
2526314639,民谣合集
2555572945,Artist陳；
551108196,可能这世界让你长大的方式极端了些
504384066,如果你想听民谣可以从这些歌开始
2293961854,写作业必备【循环不腻】（贼带劲）
872928837,爱听歌的小屁孩
2803793845,叮!!这里有份变身BGM请您签收!!!
2323877217,88rising「见识下亚洲」
2822923425,Rap宝藏歌曲JonyJ福克斯小鬼朱星杰等
2670213947,中文Rap丨好听的Flow花式的秀
2812685091,超甜Rap｜♥︎给喜欢的人听♥︎｜
2562684293,超甜Rap｜♥︎情话说给你听♥︎｜
468331407,HigherBrothers[海尔兄弟]
2697535287,【中文说唱】这歌单不要点进来听
2337059386,杀手也会掉眼泪
2071427080,饶过舌却绕不过你
2865805553,甜甜的rap当然要跟甜甜的你一起听
151391223,88rising
962016561,knowknowDzknow网易云最齐全的歌单
833431824,MA$IWEI马思唯/纯正好货
2895367854,$$Hiphop
502748760,CDC説唱會館
777915656,最强中文说唱
867916143,聆听优质的中文说唱FlowVol.1
79946022,别点进来全是民摇
382649300,C⃞D⃞C⃞說唱會館
2182595619,CDC成都說唱會館
935437006,熬夜单身狗的情歌说唱日推NO.1
568567169,孟子坤的歌单
2558964340,爱意死绝❤
2091927797,那些甜甜的Rap情歌♡
818105949,remix中文混搭
704419832,【持更】走起来的中文说唱
2061298985,四字情書
2100567980,以梦为马
700372305,梦瑜酱紫
321491155,ǝuıɟɯɐınoʎʞɔnɟ
548235428,豬豬女孩要開心鴨！！
2171514760,SinKingendlessly
569163618,精神粮食
2910975784,请带上耳机听属于你自己的Remix
2315675426,说唱会馆HigherBrothers88Rising情歌精选
2187022469,遵义说唱【持续更新】
2341107912,Dzknow_nono
899014661,成都rapper最爱马思唯melo色痞dz
2881709079,中国新说唱
2038892382,cool
931398913,EX掰
2140700753,Giao！
2830578260,独处，是一个人最好的增值期
1986088676,拜托生活再温柔一点
2698187691,是小咪吖
2048972972,深山寺庙
150460861,回忆背景音乐
400128260,幸福与丧能否共存！(持续更新）
766641517,投个硬币吧.
84016321,A一个人无聊的时候静静听
2231154262,旋律杀手
2880025172,70后80后90后经典老歌500首「精选」
2121558366,S.H.E全专辑正序集
2182669327,欢快小调给百无聊赖的生活来支兴奋剂
2163130221,创造营2019ⅠⅠ参赛作品合集
2731178118,［德云社］那些适合写作业的歌儿
2413447330,华语歌手的英语考级测试
131427673,林俊杰音乐全集
973422761,林俊杰专辑全收录
113807957,情歌还是老的好
2342969191,最火网络歌曲大全✔
787233586,下班回家开车行车驾车汽车车载音乐
965518387,企鹅电竞阿叶君
2965956725,欢快的中文歌啊！
643206897,一个白羊座的听歌列表
456411917,世界那么美，不如你好看
2979196066,跑步运动健身动感舞曲中文歌单
809360131,【王力宏精选歌单】❦陪你度过漫长岁月
2404426923,80.90后歌曲，回忆总是美好的！
644326794,2000年代百首热门华语歌曲排行
2511421315,80后流行歌曲上课偷偷听的经典老歌！
2804515577,【这就是街舞2】选手曲目收录
980086738,古风戏腔混搭.戏曲流行跨界碰撞.京剧Feat
2354873345,一个女孩子的歌单
2491888008,处女座歌单（更新中）
640702296,Whysoserious
2484244461,蒙面唱将猜猜猜第三季原曲正集（完结）
69207550,【珍藏】华语群星大合唱。
732190805,粤语‖难离难舍想抱紧些
2892372867,《中国好声音2019》歌曲收录
2156036024,黄明昊Justin唱过跳过和听过的那些歌儿^_^
2301236887,Justin黄明昊跳过唱过和推荐过的歌（持更）
2077136389,【雪中悍刀行】【剑来】-燃血武侠
745444302,屈原离骚九歌古诗词改编
776865116,古典音乐中国
67701423,一碗银河够不够
2898160165,『严浩翔』小熊软糖颜如画，浩翔气场一米八
4020896,王力宏初到sony的4张好歌太多
437124571,手机来电/短信铃声
613707458,爱你就像爱生命.
2154932124,瞎七八搭
2128391445,来自波西米亚
3030143834,起风是会飞的想念
2116945770,[RAP]中文励志说唱-为梦想努力奋斗
474908666,听了以后耳朵会怀孕（持更）
1979428106,带戏腔歌曲超惊艳无法自拔
1989404390,可爱又迷人的反派角色
427024108,「温柔的地下诗人」
2800216578,「中文说唱」持续奔跑无关世俗纷扰
2357570314,酷到没盆友（说唱）
2438605766,“说唱良药，初心织金”
735236060,【流行说唱】麻烦你活得酷一点
2756496433,让耳朵进化2019不可错过的音乐惊喜（1）
2339332957,甜味Rap/轻轻吧唧你一口
2520873565,步行单循不会累的旋律
2763247408,中文说唱-精选集
2680828697,『洗澡』收拾/打扫/化妆/面膜专用指南
2828162809,说唱|让人放松的RAP
2935664405,不止是【HeyKong
2841545524,说唱|国内优秀cypher合集
2350178365,IcePaper▼
400930052,独特迷人女声线说唱！（删除整理更新）
934870683,国语说唱也很抒情，副歌也美
896047084,别丧了，2020流行假装快乐
2405431398,夜游在凌晨两点半的大街
2883379945,16hours有点长
833435091,【欧美】好货私藏
371614845,♛~「K」~中文rap↣精品!(๑•ั็ω•็ั๑)
892408119,禁止收藏
548180873,round_2和那些skr的中文说唱!!!
2885977749,马王HorseKing_Official
2732517614,rap❤️炬猩GDLF（红花）HHH404Rapper
2462213680,FreeOut
2695101341,说唱丨拒绝瞌睡不如跟着节拍抖腿
59151991,【Rap吧推荐】精选中文说唱
877401737,ʀᴀᴘɪᴍᴍᴏʀᴛᴀʟɪᴛ꙼̈ʏ
2963434236,硬地原创音乐榜丨发现8月最值得听的音乐
444236380,直火帮都没听过你还听个鸡儿嘻哈
2905689294,心动Flow·天菜系男友嗓
620994838,妳喜歡舌吻嗎
2519377182,希望你听的说唱都很走心
2392447991,"白羊座爱恨分明,三分热度,极度缺乏安全感"
2771219762,故事结构
2054563382,Mc光光难得高调的低调王
1995370651,话痞子！RAP
363834203,说唱battlefreestylerap伴奏
2071290736,Hiphopfreestyle伴奏/beat
2430524968,别急，甜甜的恋爱马上就轮到你了
3084491311,揣着一颗真心，像初雪一样靠近你
2340739428,Hip-hop|少女心狙击手
2852306657,好听到单曲循环持续更新中……
2114596021,LilGhost小鬼-王琳凯‖善良的坏孩子✧
2296431926,梦回大厂--偶像练习生
2174962178,百分九少年(NinePercent)
2068576338,｛小鬼王琳凯98k少女心狙击手｝
2786100488,到底要怎么样｜鬼鬼的新歌｜
2119378458,前方注意！精选高甜【rap】请签收
2648021141,Hey!一起看星星好吗？
2503257111,〖该死的温柔〗王嘉尔最全收录
2870267225,100首好听到单曲循环的歌｜精选持更
3021659428,那些好听到单曲循环的歌
2897562585,【迷幻/慢摇】Psychedelicmelody
2622967273,9102年抖腿指南，今年什么水平？
2050704516,2018全年抖腿指南，老铁你怕了吗？
544798906,Trap丨令人沉迷的随性说唱
479400450,RichBrian(RichChigga)✞
494626371,王嘉尔的小烟嗓
2733705509,女孩子就要听甜甜的歌鸭♡
2049063610,王嘉尔的小烟嗓↗(⊙.⊙)↗和G7的夜店风
471696320,『王嘉尔』作品集
416912035,王嘉尔的烟嗓狙击
1984054025,赖冠霖的手机歌单
2543232180,赖冠霖的取向歌单♡
2165480810,韩语/甜度99%请品尝:)
2249345917,「百首韩语合唱」无法痊愈，这以你为名的伤
2710545016,今夜857战术蹦迪
2829816518,[欧美私人订制]最懂你的欧美日推
2817554177,超酷超拽的英文Rap（持更）
2092061322,宣美(SUNMI)
18892747,GOT7&IGOT7
2740410791,王嘉尔的烟嗓狙击_
594728516,MkCLUB专用音乐
1993948873,王嘉尔歌单
2549291589,TEAMWANG王嘉尔
638071437,搞基歌曲心空个人向
811313713,那些年你酩酊大醉后嘶吼出来的心事
2388322013,最是粤语最为情深也唯独你最难忘怀
2948171497,请一定要努力你会值得未来所有美好的期待
700734626,年少不懂粤语歌，而立再听句句情
2426284427,粤语live|不一样的感受
2427307706,林宥嘉live
780197824,【林宥嘉】
718388899,『国粤齐听』一种让你入坑，一种使你沦陷
640439541,【张敬轩】粤语精选
147549579,一听就上瘾的粤语歌单
2432588745,张敬轩，陈奕迅，陈柏宇，周柏豪，许廷铿
102740400,粤语经典歌曲大全
2392222655,『粤动听』当爱已成往事
2727771521,回忆｜2012·柔情末日，天涯此时
2395103657,好听到不要不要の粤语歌单~
3865036,最陈奕迅·精选
98391632,怀旧经典老歌
2306874028,万人大合唱泪目时刻❤
421163316,粤语♪容易抱住谁十年最难是放
104246463,欲加之罪何患无词(粤)
763100210,港台经典红馆演唱会现场live
2023812191,钟意陈奕迅吗～
55253171,张敬轩Live精选集『翻唱为主』
118532063,情调系列：一曲难尽的深意与撩动心弦的浪漫
2325108330,「故事碎片」想念在耳边凝成絮语
628954650,一张翻唱专辑一场致敬仪式
2459826936,粤语经典老歌【好听到发疯，一次爱够】
12840389,张敬轩-动心翻唱
3016427444,粤语经典老歌【一想到你，红了眼圈】
889575738,江志仁C.Y.Kong作品选
2559866695,既然上了生活的贼船，那就做一个快乐的海盗
2954315277,全网最火rap说唱最全持续更新
2326926936,R!CH上海·嘻哈厂牌-活死人
2842076531,钟意陈依平
2818144951,网络热歌榜『每周更新』
2074124472,说唱中的江湖侠客
2893524741,国风说唱丨何必分出胜负，一声笑傲江湖
3041955291,做人一辈子快乐没几天丨不如听点开心的
2900785105,情歌rap来保护可爱的你
2922523970,【中国新说唱】之清扬无懈强音
2153132432,说唱江湖|吾欲乘风起
2478857774,砍死法老-中国说唱硬核之王
2176013162,【China】国人电音精品，这节奏不停歇
2756161624,为人亲和福克斯
805786215,『华语说唱』四百位内地Rapper
2499450761,法老中国最有梗rapper.
2899768194,精选｜Cover翻唱百听不腻
2252732530,给未来女朋友准备的甜甜的歌单❤
2507148217,人间忽晚山河已秋.
2752221096,「翻唱」好听的不要不要的★★★
2876815338,祝你前程似锦
3022854897,那些超好听的翻唱cover和原唱
2811707404,『男声翻唱』他比阳光还暖！
606512789,一心只蹦圣贤迪
938963159,之后的季节很干净
2281466369,［精选］日常好听循环歌曲¿持续更新
2483182618,失恋歌单，因为突然听懂了很多歌
2782372923,天凉了故事也该翻篇了
2263042592,曾经沧海难为水（欢迎投稿）
2083461876,要悄悄拔尖然后惊艳所有人.
2314838108,夜深人静自缝心
2857262195,两边之和永远大于第三边cover
998417689,坚持一下马上就999+了
2643736986,记得开心嗷
147357875,祝你事事甘心
2451918216,写作业&手绘专用歌单
828350916,karry王
2748441557,是干净甜嗓呐♡（吉他弹唱）2020来咯~
2707110420,午夜心碎俱乐部⁺
2377738403,阳阳的翻唱
2497419443,世间美好，与你环环相扣
2956594212,一个金牛座男孩的歌单
2870191701,『失恋必听丧歌』
2974785771,能懂几分是几分
2930712044,爱你是孤单的心事
2753499326,起风了你还不回来吗
2497741757,LookMe、
813271893,黑怕不怕黑
2103441492,精选｜星河滚烫你是人间理想.
2916268796,清澈男声｜民谣吉他弹唱小众集散地.
2693587763,优质|無前奏表白爆音歌曲模厅
2913547286,只有几十秒的歌词都是直击心灵【铃声版】
496413437,撩你没商量
748075574,莫得名字
741983499,开始吧。
2581461713,猪你好运来，哼哼哈嘿
2829998155,愿你知足且上进，温柔而坚定
2942786831,【华语后街】被你遗漏的经典情歌
554698028,华语民谣I止于唇齿，掩于岁月
2743807342,愿你走出半生，归来仍是少年
2763396614,时代的碰撞|中国古典民乐与流行的相遇
2458146337,『民谣精选』大众民谣，治愈你的忧伤
2061336816,蓝莲花-许巍
2783240,许巍的歌是岁月酿的酒
58356423,许巍&朴树精选
5941087,金木水火土：郑钧、朴树、李健、汪峰、许巍
2876103330,你要自己争气，全世界都和颜悦色
2172911217,「旅行」青藏线上的自驾游之旅精选歌单
2760525123,弱草蛮生
438807946,「当你在路上」
54663418,sᴡᴇᴇᴛsᴏғᴛsɪʟʟʏ
2311898947,一起聆听这些好听到单曲循环的歌曲
2297168215,华语情歌｜一个字就戳中泪点的情话
2816935563,失重催眠曲
7972091,温暖如初—许巍
3000878897,不同的声音，中国摇滚乐队
2281578943,中国摇滚乐精选50首《一》
8965308,许巍，刺痛人内心的情怀
2624499225,民谣┇苦不会尽你不会来²
3001917069,众生皆苦，民谣自渡
915717494,許巍說他的一生
2904080089,博君一肖❥(^_-)天天上合体的歌单！
2902232621,『婚礼歌曲』婚礼还尚早，婚礼曲已备好
741232931,蔡依林歌单
743461735,奔跑吧兄弟！第五季背景音乐
884731423,95后经典老歌:)
2434504696,『红歌的』
2523137289,红歌
2668053641,壮胆正能量中国富强
2536519999,竟然都是周杰伦作曲！
911278165,不腻人的曹同学
145520511,有一种青春叫周杰伦
989792334,goodday
2657105820,创作才子之周杰伦为别人创作的金曲
762840531,哪里着火了啊小姐姐，有警报声
621812200,既然不是仙难免有杂念
70512286,香港*李玟：月光爱人
390689080,安安静静丶冷冷清清
2161704148,宋祖英正式专辑汇总去重复
720875614,❤祖国。进行曲。
89226308,金典红歌
58409933,开国大典的士高
78587016,健身房就是要嗨起来（女声篇）
20145900,华语‖动感365+跑步/运动/快走中文
2192149083,【烈火如歌】浴火成诗（Cover：迪丽热巴/毛
528800186,你的眼中藏着什么
577841083,屋顶上的绿宝石
38888851,Crazyོ
2518023069,关于jay
826610272,小科科的随行歌单哟
47377476,快歌中文
2876362731,经典老歌|那些关于青春的声音
3041475018,【回忆时光】九十年代火遍大街小巷的歌曲
551095546,陈奕迅（EasonChan）精选·90首
618862414,香港四大“天王天后”｜经典珍藏
2398397661,80后流行歌曲
2212584216,新的中国
597243094,军
932839885,军
2243773933,邓丽君、梅艳芳、徐小凤、陈慧娴、周慧敏
436763890,『粤语』伴随着他们的歌声，青春渐行渐远
2177014323,刘德华能唱出每个人的心声
771042656,比听CD更有Feel的粤语Live。
2161563835,四大天王(粤语)
109285625,过年超市必备歌曲合集
2305370733,愈经岁月，粤发醇香的经典
2886220805,收集控·那些以动物为名的粤语歌
2008293409,粤语情怀◎似水流年，寻找旧日的足迹
2559562223,刘德华2018年演唱会歌单
2257712301,80、90年代流行音乐港台金曲大集结
947215542,谭咏麟张国荣王杰张学友李克勤黄家驹
70718447,香港*刘德华：一起走过的日子
470487642,刘德华经典歌曲专辑
2401349288,粤语TVB那些好听的电视剧歌曲（更新中）
2422213827,粤语经典老歌
171489549,80.90年代的香港
2058043964,首首经典的怀旧老歌
2641375892,2019·喜气洋洋|小猪陪你过大年
2838408186,父亲节：送给酷爸爸的一张歌单
2214102175,走夜路看鬼片专用壮胆bgm（爷才是正版！）
2702120706,走夜路看鬼片专用壮胆bgm
691812099,带上你的好酒，来听大叔们吟唱这歌里的故事
2556309270,大笨老歌翻唱
811321317,粤语|惊艳到骨子里的音乐现场（live）
2558984709,刘德华2018-2019演唱会
647666035,中老年歌单
2437648934,暗里着迷刘德华
2424030849,『中文咚鼓/DJ』忽然想起你然后笑了笑自己
2541681873,适合驾车时听的中文土嗨【中文DJ】
2897285135,不怕老歌没人追，就怕老歌带DJ
2556718079,时间错过不会再来想要拥抱你却不在
2392244044,最全网络热歌分享.‖精心制作.
762354382,°、无味无谓也无畏♥︎°
2882042971,迷人嗓音
2759414040,寄给2020年未来女朋友甜甜的歌单
769291366,网络热曲完整版【持续更新】
2402225508,初识不知曲中意，再听已是曲中人
2626482639,蓝色的梦
2921195391,用力爱过的人，不该计较
2887685505,金牛座每日一听
2714271536,《亲爱的热爱的》影视原声带
2421784380,夜晚的酒不如清晨的粥
2619229623,2020祝你天天开心❤️
2565477661,干净温柔性感男嗓
2478563254,RC.:-)
759064933,Trigger
2525632823,"绝版歌曲,劲爆电音,英文纯音,应有尽有!"
2409365763,「中国说唱图鉴」十年说唱热血难凉
990995991,酷酷的人/应该听/酷酷的歌
2369086660,（中文说唱）用方言唱出中国制燥
775079670,长沙说唱CSC
2531543310,KEY-L刘聪如货币般流通
2481322573,CSC说唱江湖刘｜KEY.L刘聪
2028460159,道系KEY.L刘聪
2706282332,今天要刮复古风
53572999,"""好听到爆炸的说唱"""
2230735156,直抒胸臆丨华语嘻哈的武侠情怀
2906703758,刘聪KEY.L
541240021,CSC×GOSH
492633781,“本性難移”国产OldSchoolRap
406007748,【看球听歌】NBA篮球宣传单曲大全
94509217,朴师傅是一棵大树
2750929242,音画人生|触及心灵的影视剧配乐
2869080830,2019电影歌曲收录（7-12月）〖持续更新~~】
553129694,【精选民谣】就老去吧，孤独别醒来
2972838322,风起叶落，是最适合想念的季节啊
2920471281,愿世界上所有善意，全都停留在你这里
2301247518,即使生命如尘，仍愿岁月如歌
2295576710,自然民谣集☉听见薄雾微光
3026092417,中国民谣不完全编年史
1984538337,读书轻音乐——听岁月静好，观世界万千
713137778,愿你历经沧桑，仍有少年模样
2045204807,喂，你去年最幸福的一件事是什么？
376204713,『窦靖童』推荐过的专辑和单曲
490929381,【民谣】唱的都是故事，你管他火不火
2690299394,若有民谣起当歌三月春
21742464,朴树先生
2330296499,百听不厌的小众民谣偏摇滚歌单
2547626265,这么冷的天一定要听一首关于冬天的歌
2424213013,秋分|风雨日渐薄凉当遇重逢初心依旧
2921439182,中国摇滚
457401126,朴树经典歌曲34首
822818142,这么巧，你也喜欢搜书名？
2222557345,「献给妈妈的歌」
2192145520,大事发声！！
2228515440,给孤独的人输点民谣续续命
2192616502,朴树猎户星座·专场
2777704684,前方高能预警请戴上耳机。
881832064,平凡之路合集
706800978,苦练伍佰张宇迪克牛仔早日成为包厢浪子
2968850230,你被安稳的爱着呢，要有做任何事的勇气
523691939,张宇热门50单曲
2711160546,用一首歌，讲珍惜眼前人的故事
634922545,张宇、伍佰、牛仔
39359568,父母之音，红遍全国
977326741,现代舞音乐
2221156070,一个人挺好。
538832049,『华语』怀念装着5号电池的随身听
439916233,吉他伴随民谣，孤独伴随流浪
378083968,那些温柔了岁月的华语情怀
170590630,鹤唳华亭，初恋，全职叶神，东宫，金庸回忆
2510512217,【歌手2019】歌手七季合集
962730724,发发儿-
322584918,『回忆童年经典武侠电视剧主题曲』
6625034,张宇热门单曲
2326600025,跨界歌王第三季
51978588,一个.张宇
144445741,【国产】动画片主题曲
431399450,回忆｜童年追过的动画
3142979,张宇惹的祸
2838028719,青春重置计划(with原唱)
2739677431,梅溪湖女孩（男孩）专用歌单
2129920743,周深所有歌曲
2202158393,『国漫』不跳op!不跳ed!｜国漫原声合辑
2533771733,声入人心神仙老公们
2515958007,【古风戏腔】兰花指拈红尘似水
2179646633,100个悲伤的瞬间，有没有你的心酸？
2903604475,声入人心第一季
2139706881,五星出东方曜中国
801852491,红歌
921480845,我亲爱的祖国
529561115,【中国新声代魔音第一人】周深：大鱼海棠
50577102,卡布男神[周深]
2909342708,【国漫崛起】音乐与动漫的巧妙融合
2215361862,纯净声线·嘘让温柔再温柔一点
2138403280,小甜歌‖听了会心情好的歌歪
2618310647,『愉快』专治不开心
2532783399,声入人心神仙成员们的日常歌曲
769141707,【古风】因为前奏爱上一首古风歌
2153080805,【你会后悔点开的古风歌单】
2573795174,周深|王晰绝杀低音炮
967197395,故事到此时疯狂或克制
2518641493,声入人心-王晰
2544684285,暖冬木吉他用声音温暖你的旅程
114455350,不能不听的周深
729762926,天下归心。
2081502375,午后和睡前听的很安静的歌
2454919185,诗遇上歌│诗词承意，以曲诉情
909880948,中国近代最好的现代诗改编成民谣
2171419444,『古风遇梦』听梦不愿醒便随你风月无际
82398317,天涯明月刀OL曲集
2469799628,遗憾是常有吧-
2909772219,港剧<回忆杀>粤语经典
900256312,[粤语]脱下长日的假面拥抱这份清醒
484294560,心情不好的时候听
738390819,总有一天你会爱上杨千嬅
921084185,杨千嬅｜卫兰｜谢安琪
10965578,周柏豪Pakho热门60单曲
595319068,『Pakho周柏豪』精选辑
2269257427,[粤语]听说你在找好听的粤语歌
2868113511,粤丨情有独钟盼过春夏和秋冬
2978989548,粤语|你始终是有事钟无艳无事夏迎春
2719571270,回忆｜2011·刻骨生命，蹒跚前行
869649888,张敬轩和周柏豪
970810238,张敬轩陈柏宇林奕匡
367468866,好听到爆炸的粤语歌单
2478574423,『粤语』明知爱这种男孩子也许只能如此ˆ
987867941,港真，失恋的人不要听粤语歌！
2468469101,经典90后粤语歌单
89989113,〔粤〕与你听风声观赏过夜景
604112767,好听到炸的粤语歌［粤语男声］
2436030335,橙子榨出来的粤语果汁
10760412,Pakho周柏豪
2788614616,有粵語歌就不會有世界末日
599996858,周柏豪ONESTEPCLOSER演唱会歌单
2475901211,精选～网红热歌
2435983425,翻唱丨不留遗憾错过你
2873103576,暗示分离
2388577328,忧伤的歌
2556658937,不算太好也不算太糟糕努力a
604147425,你是年少的欢喜ღ
2335441253,失眠飞行✎･｡流行华语.芸芸众神滴小情歌
958765642,微笑再美再甜不是你的都不特别◎
2305856335,耳朵喜欢你好听到可以单曲循环
2563081910,朝阳onesf6
2546919952,早晨的光/
2152080133,就是想一条路走到黑
2607977840,更好的我们✨
817685692,JonyJ有思想的嘻哈诗人
1995933249,嘻哈诗人JonyJ
85234039,Sleepypillow-嗜睡軟枕
421162525,噢豆芽豆芽JONYJ
815426225,说唱诗人豆芽JonyJ
2255979619,JonyJ&TizzyT&满舒克
2542416403,DJ中文歌曲、咚鼓版
2978498830,DJ摇滚电音土嗨
2491101935,『车载大全』咚鼓版和中文舞曲歌曲
2811180102,深夜蹦迪摇头抖腿咚鼓DJ神曲
2940271016,【咚鼓DJ】经典流行歌曲
2998738877,【建议随机播放】精神志上
2944681402,精神小伙专用BGM(甩头)
967017463,爱情是表达廉价的词汇
2943189388,中文热播/热门鼓咚/弹跳鼓【持续更新】
2936313037,不怕新歌有多嗨就怕老歌加DJ
2665305381,咚鼓版热门歌曲
2693042904,好听到爆的叮咚版歌曲
2729985567,中文DJ·咚鼓版·弹鼓版（Remix）
2414116299,「DJ中文歌曲」最熟悉咚鼓版dj
2659922295,聆听顶级车载电音，感受极致听觉盛宴㈡
2989795136,【车载】开车犯困必听中文老歌dj
2794536957,精神小伙专用BGM(摇)
2475824951,精选【中文土嗨车载必备】土嗨必备网络BGM
2555625890,嗨曲，蹦迪合集
2363905497,迪厅开门了丶玄冥二老
2838069802,仙女蹦迪专用曲
2538096700,超级好听的DJ
2635689048,车载咚鼓DJ享受深度灵魂潮牌土嗨慢摇
2628241415,咕咚版热门歌曲，好听到飞起
2815300648,带上耳机世界就是你的
2650756730,屠魔的少年终究成魔
2882309284,Dj咚鼓版
310080025,比酒驾更厉害的是电驾！
2210154376,西北的风.
2342023462,枪枪稳扎姑娘心
2816868904,华语｜Cover翻唱系列
2463193005,吉他的你——阿虾
2839898135,毕业季丨前途似海，来日方长
2879400461,人生复盘丨若时光可倒流你想回到哪一刻
2651442948,翻唱Cover国语系列|开心每一天
3006694368,沉寂温柔/澎湃浪漫：人类需要交叉感动
2615711993,超好听女声翻唱哦
2693598459,超好听.女生翻唱『Cover翻唱合集』
2937027808,斗音歌曲大全【持续更新】
2937774188,新歌榜20190815
409022493,说的比唱的好听
2647801827,深度沉迷令人陶醉的磁性女声
2351471232,很想很想说再见☔️
2264790585,孤独等级12级
2224212377,你会遇见更好的人♡
2121280870,攒一口袋星星
2914560303,山楂树の恋
2690657809,不如去想王晨艺
2645759321,Good
604493333,йаzιiм【回头率百分百۞铃声专区】
2619427243,天使吻过的声音［烟嗓女］
970454840,suSS
893387023,可爱暴力skr
2777588529,苦尽甘来
2806137383,黎明的那道光，会越过黑暗。
2417802550,超好听的偏冷门单曲
723463497,很多故事再不讲就没人记得了
2548603391,Closer(DJCriswellRemix)
1990351405,(ง•̀_•́)ง
2228331478,youyouyou
977936109,♡×♡=♡²
388930888,那些听到歌词就想到你的歌。
620269709,Alin慢歌曲
2476279123,甜到发腻♡
2868984407,你的回话凌乱着
559954901,抒情歌曲
2767267935,三斤会唱歌
2000218774,这一路走来
2929152584,你会爱上这个流行华语歌单
2640630162,曲中思念今犹在，不见当年梦中人
164961069,❤突然想起你
2165580107,PR操作工专用音乐
2333539902,免费rapbeat/说唱伴奏【持续更新】
2991010869,忧郁少年你的城市是否有雨
2919027437,流浪诗人|那些声音里充满了故事感
2720315372,无孟子|永远比表面更喜欢你
2919398959,想要做你那温暖的小太阳，一生只为你发光
2306917248,比较丧的歌单勿点
2351281299,尊重死者
2078309397,衣带渐宽终不悔，为伊消得人憔悴
869718431,死因·人事物
2569337478,望美人兮天一方。
582094270,睡前治愈.
52342656,AGA|她極少出歌，但首首精品
546132859,『白话』一首粤曲唱述一生
2182237160,黄伟文|咬着唇穿婚纱上路，余生请你指教
166397998,〖深情粤语〗粤语歌韵，情浓至深。
2364763077,「粤语对唱」耿耿于怀只因曾经一往情深
2464367901,皮皮虾——在快乐中传播正能量
2646002188,听青春ost，心悸的时光里有你
2333500683,粤语丨层层浮华渐喧，重现碎片段
2519247406,粤夜生辉｜发着以前发的梦还是老歌最感动
2585044175,2019年粤语新歌（/新翻唱）
983586574,出门见喜.
2828842343,粤语情诗：与你听风声，观赏过夜星
368924789,粤语live万人大合唱
2173169909,『粤语』好听到爆的粤语歌单.
734414342,港台金典怀旧那些好听的粤语歌曲
87686622,古巨基容祖儿陈奕迅李克勤张敬轩-Live
437130452,越欣赏粤懂欣赏不听不藏THanks
63825300,Sand
897067501,【无间巨制】陈光荣作曲、编曲、制作
91021560,蒙面歌王白棱镜，完美音色李克勤。
2766896532,越长大越觉得保持联系也是一件很难的事
2321983233,100种人生的态度，有没有你的归宿？
2946817834,诗与歌丨诗化音乐的敏锐浪漫
2647184445,民谣丨有一种不安分长在骨子里流在血液里
2623324083,一条小团团OvO——游戏歌单
881084465,如果你也喜欢陈鸿宇
132132439,唐映枫┃以词酿酒，把酒当歌
2898850627,愿你独立且清醒，又酷又温柔
2964136330,民谣丨孤独成瘾
2751666745,听点不一样的·你已踏入低欲望社会
993950842,下一站，遇见相似的灵魂
559992539,数尽荒芜过后必定会有新生
820084317,【民谣里】姑娘，你的酒铺还缺人么
2871000053,「民谣」故事简单，刚好喜欢
82191273,迷路的人儿收下你的民谣歌单
884923449,【民谣】愿你一如少年模样.
2665048668,人生不易，每个人都在努力前行
2116641078,你来这走一遭奇迹般万物生长
3022422681,"浅夏浮力|华语音乐""夏""之物语"
2212472967,写在民谣中的岁月缓缓流淌
740054462,一介【民谣与酒】
134495141,众乐纪与枯鱼肆
426391310,「单曲循环」
2729076374,房东的猫/陈鸿宇/沈以诚
393953788,唐映枫作的词啊
2340516607,美术生/画手绘画画歌曲大杂烩（开随机播放
891370354,热血燃向｜提神醒脑防瞌睡型BGM
126747075,G.E.M.|邓紫棋|全收录|无重复
2406259483,邓紫棋|小金鱼心尖的温柔
2799285139,夜里做了美丽的噩梦
625019360,中国说唱全集
797747548,『嘻哈』TheRapofChina
901602639,这波节奏很强很棒很浪
2890102930,Vol.8千禧复古联盟
2056666603,洗澡唱的歌
623343694,大利的音乐分享
312651112,爱笑的眼睛
2891595450,现在是制作人TIME！
70786015,FS（FS2）街头篮球音乐集
2777361006,余生：找一个相同频率的人在一起
780663693,『偶像练习生』令人心空的大厂男孩❥
2448305234,2018|中国新说唱最火单曲
2952490852,甜份补给站·眼前都是有你的画面
2473820986,ʜᴀᴠᴇᴀɴɪᴄᴇᴅʀᴇᴀᴍ
2342659883,一起早睡，一起变胖，然后一起变老
2610153536,四大教主：蔡依林/杨丞琳/王心凌/张韶涵
423149685,一个狮子座的『音乐世界』
2469704666,声林之王第一季（已毕业）
2145763750,请听完巨蟹座的孤独
2057379443,把孤独当成晚餐却难以下咽
2941969951,KaxkarHalikNahxisi
2269719564,等待整个冬天
160379444,babyᙏ̤̫
809617412,7777777
2463592296,这世间最烈的酒是你低头噙笑的温柔
2884448067,拯救不开心！灌一耳俏皮小调
2384603612,『独立音乐』不要嘲笑任何一个有梦想的人
2807945273,只有你才可以听的歌
2807923501,你肯定不喜欢听的歌
920350409,从前车马慢邮件远一生只够爱一人
2569323428,入耳即融，那些甜到心底的温柔男声
2976183295,Creeper?AwwMan
518301763,中二病晚期
2685885403,JSA北京小王哥
2251182210,TF家族&台风少年团の台风大佬
2212135144,佛经歌曲
2411762089,一听就让人快乐的歌曲
2846930951,轮到你了
2286506168,王者荣耀–百里玄策专属BGM
716409846,03.30
2772028857,华语搞笑|一不小心歌名就抬杠系列
2900003278,收集控·那些以动物为名的华语歌
403839170,"有時候假裝開心,衹是為了合群."
2519085917,“希望这个冬天有人陪你一起踩雪吃火锅”
817872793,华语|适合和伴侣一起听的小情歌♡
380925978,热门歌手的冷门好歌
956281426,吃吃喝喝才是生活幸福的本质
2376272939,吃一碗粉，听一首歌
2476011959,【抵御寒冷】不贴秋膘怎么行
42798248,新年专用歌单
6786966,谢安琪听唔厌国粤语
129907430,Locking自用
906718386,无尾雄起BGM
2731885928,李让同学的青春
522912706,【不做你男友】Rapper唱情歌
2902264419,超甜|对耳朵说情话、甜到你都腻了的歌单
805976654,[Rap]中文说唱精神粮食$HIPHOP
71831141,ฅ(⌯͒•ɪ•⌯͒)ฅ
825640533,中文说唱Cypher合集
990223929,只听说唱
2769657914,暖心窝的优质说唱歌曲丨持续更新
2202375214,温柔男声，甜甜的恋爱的感觉
2584765695,让你哭过的，总有一天你会笑着讲出来（持更
2628303485,杀手那个石家庄人
2454899950,【男声控】苏苏的男声
2162331299,十一种孤独
833802766,军恋那件小事儿
2257902205,别急甜甜的恋爱马上就要轮到你啦♥
2444996443,贼好听的吉他翻唱
2493843056,给自己买花自己长大
2346947923,一直很安静
2311778850,远赴人间惊鸿宴
2362163309,是你来晚了.
949999547,Cover的那些循环
904196109,wanan
2430062663,夜无眠看灯火阑
2597249596,duck柚夏的丧系歌单
2065639760,这些歌比《说散就散》《体面》更扎心！
2841383480,好听的歌不怕老，值得的人不怕等
2680559390,「深夜」适合夜深人静的时候听的歌
2096871697,林彦俊分享过的歌
2823914107,曲中之人，你也值得某个人的等待
2304362532,周兴哲❤
762376577,ʚ取向狙击ɞ
2507718703,小妖的金色城堡
2532383885,愿你经历苦乐，依旧热爱生活
375270373,一个巨蟹座的听歌列表
415491808,〖华语〗若爱不能永远，不如遗忘
2374790264,『KTV必备』男女生必备300首歌曲
437059992,那些年，华人歌手唱的好听英文歌✌️
2023803679,亲爱的热爱的
2181651029,来年陌生的是昨日最亲的某某
2548662641,摩羯座女孩的心事
975781757,想和你唱甜蜜俏皮小情歌
2561336046,今年圣诞节你打算怎么度过呀！
2027761361,圣诞节越听越孤单的歌曲
2142497389,林彦俊喜欢和唱过的歌同步更新
2649901470,周兴哲❤️
2337328848,潮音战纪
623552407,每日一丧|出现又离开
527053779,"Wastetime,whoyouare."
825086298,一个天蝎座的听歌列表
494725290,高逼格中文歌
2353292917,一个白羊座的听歌列表
80153303,麦当劳餐厅音乐
596767352,Ballad
72270568,失眠少女清醒记
2447209478,可乐不可乐^o^
2903917914,中文精选
599374977,-热茶
560592333,女神不说话
2833792275,邓紫棋/林俊杰/薛之谦/华晨宇/李荣浩
418304331,自从爱上邓紫棋之后，你变得怎样了？
1997249999,ChillSh¥t
518690186,周兴哲~
2491905890,今天也想见到你
785121590,【欧美式闹钟】专治起床气
412485271,社会主义圣光普照天下
2470150537,一颗红心
495292382,中宣部推荐的100首爱国歌曲
2088358594,多热烈的白羊，热烈的抽象。
2303519577,边走边爱反正人山人海
2128095396,一个双子座听歌的列表
2219742646,古意民谣｜浮生有梦三千场穷尽千里诗酒荒
2565238682,【民谣】你听的民谣里有多少故事
58011924,民谣与诗爱与酒。
2112330803,“杨花落尽子规啼，闻道龙标过五溪”
2346373017,嘻咦啊看BGM
59373897,嘻咦啊看/阅后即瞎/瞎看什么|音乐BGM合辑
597762787,只顾着喜欢你却忘了不合适
90020454,花粥你这个重口小清新呀…
2769584559,【沧桑男声·烟嗓】
873474347,一些无处存放的歌。
885997754,甜甜的情歌说唱耶
2101647143,虎二歌单（持续更新）
2535475359,老男人|烟酒嗓背后的坚持
3020211739,眼里全是你却活在你的世界之外
2625325756,你的长安满城风雨
2483673021,烟一支一支一支的点，酒一杯一杯一杯的干
2602935348,民谣｜人间故事听见最好的华语民谣歌单
430846980,开车时听的音乐
998395973,千万不要和巨蟹座在一起
2769468932,总有一天你会遇到这世上唯一契合灵魂
2895265662,【单曲循环】性感烟嗓男
2339506836,耽美小说同人曲「priest，淮上，西子绪……
2206325145,『破云默读撒野伪渣犯心awm』
2658168831,说故事的男孩儿.
649761238,愿做一名路人僧
507369964,网易云国语粤语流行歌曲
317914277,此间少年雁渡寒潭
2364247684,只是太爱你.
68297185,妄牵忆欢悲流致.
2518072923,"不是每个人都拥有完美的爱情,"
588845359,一只安静的民谣狗
2684763703,烟嗓歌曲
2521429449,王贰浪虎二
688270071,攒了一大堆好听的歌与你分享
139439961,做自己就好活成别人多尴尬
927748934,abc1234567
2585422504,Life悲喜
2217797304,来咯来咯，他们真的来咯
407154013,爱是恒久忍耐
2192088739,「鈡文淤情」一生傲骨但逾美恏
2415699704,哈喽静静-
2691538446,Sadness
641865451,Trapbeat+混
2078687992,纯音乐·西洋乐器
566356046,Rap*‘华语曲’
2648619640,wang大仙儿
2467197621,社会人摇头必备嗨曲（极嗨）
2920482915,『蹦迪车载抖腿』车窗摇下，声音调到最大
2618915549,你搜不到的土嗨神曲
411919237,〖车载重低音〗歌有了，就差车了
2938253157,热播电音旋律【精选】持续更新ღ℡
2138822482,❤️〈滴滴-滴.....〉抖友上车，坐稳扶好
2703271268,今晚全场的消费由赵公子买单尖叫声
2418582850,2019流行歌曲
3017959519,你绝对熟悉的电音自嗨蹦迪
2532358761,嗨歌，北鼻打了吧了舅
2528004904,-不谈恋爱b事没有.
2532983372,一心只蹦圣贤迪™❤️
2453522002,皮皮虾专辑（持续更新）姓段
2032000670,车载嗨曲-Dj
486211011,来电铃声大全❤️（持续更新）
2853933522,dj微辣
2457611749,七妹dj
2894812217,【奇葩神曲】挑战你的底线，奇葩洗脑神曲。
2959368697,soygunumAA
2273567716,宝藏歌曲会火喔~
2477688997,你生活在花花世界，所以可以三妻四妾
3003797131,新旭［Remix］
2822240681,『游戏专属电音』超燃BGM，打游戏更爽
769403107,『夜店专用』DJ土嗨中文咚鼓
2631486502,后来南山的风吹散了谷堆北海的水淹没了墓碑
2727632062,马上进村了，车窗摇下，声音调到最大
2205043934,车载点DJ
806065005,电音8D环绕带上耳机世界都是你的
590838702,蹦野迪用的（持续更新）
935377617,听不懂瞎听
407497572,tumdumdum
2426647438,故事与她
2763377655,国服【干将莫邪】战歌
2568280483,国服最强『老虎』请求出战
2757500843,♡懂先森
546957016,不合适的忧伤
330405654,DJ串烧(｡･ω･｡)ﾉ♡
2499210016,dj车载音乐
2239500966,深圳TOP酒吧俱乐部持续更新中...
2917891883,呼市湾奈club(持续更新中)
144248543,叙事感人的背景音乐
2692826621,比较喜欢听的歌
127993419,3D4D5D6D7D8D9D10D让你灵魂飘上天!
884370718,☠️上头单
2527379085,跑跑卡丁车第一歌单
2288611412,苏喂苏喂苏喂摇就完事儿了铁汁
911260841,DJCUANDAI
2547812165,人间星河这里是音乐的救赎
633812252,杨禾禾的歌单
2395402251,北鼻打了吧了舅
2679513345,djMaywaz
783163204,慢慢長夜陪你過
2670688841,扣字，蹦迪，打游戏，优质歌单
638300839,|EA7|车载-愿与你一战！
2702324684,硬曲配美女.
2867489962,希望下半年发生的一切都是‘苦尽甘来’
2134203011,一百首‖让你瞬间勾起回忆的老歌
2170976338,滚石香港黄金十年
129132978,永存想象
2423700527,RealRap
3024757897,你可以对过往情深义重，但不必回头
891197803,台湾*张震岳：爱之初体验
14843862,低调好听张震岳
2129092331,张震岳热狗
81958663,华语歌里的小宇宙。
2037716142,2018每日一首好音乐(完结)
2235814807,Gan|暗恋听什么
876234,张震岳的秘密基地
586503656,私藏|一定会听第二遍的歌
2719172190,鹅组精选冷门好歌
955700627,美术生画室专用【中文】
3017747349,民谣歌单丨若是心怀旧梦就别再无疾而终
2934675451,想开一辆月亮列车，每天到你的心里巡游
2261133682,昨夜霜风催林瘦秋波不堪寒梧冷
2695994152,「青春的花路」BGM合集更新完结
2568605977,【节奏&朋克&国语摇滚】²³³³³
2395831158,新学期来点治愈歌曲元气出发！
2732710018,经典粤语合集【无损音质】黑胶唱片会员专属
4330191,张震岳-雅痞也柔情-Gloria推荐
2954067853,在暗色调的日子只有你能让它变暖
2750374491,过树穿花踏遍山河，终要与你相逢
2073852653,完全不定时之歌曲分享
975986087,DamonX嘿啪王
992025577,仙女宝贝
2123418952,伤心回忆寄存馆|今日营业中
2297897015,周华健热门50首
70780140,香港*周华健：刀剑如梦
961292036,MCHotDog（差不多先生）
110309058,健身歌单
562074704,Zusammentanzen
2483181262,一个纯情少年，天花乱坠的幻想
918291113,Rap杂货铺（各种风格语言）
808520308,【KTV小众出彩】男声中音好唱又特别
2389337448,投票||祸祸音乐榜
2393951699,治愈男声正太音or少年音【温柔到爆】
973886282,这是男友音『干净的吉他弹唱』
604107878,烛阴————烛
514619318,萬事勝意
2852556692,甜甜的歌曲♡
700281258,星河滚烫你是人间理想.
631121355,醒来觉得，甚是爱你
2145356799,声控系｜让你一秒心动的甜美女声
2486753995,是小王甜甜的歌单
2440800190,《张紫豪—可不可以》原唱/翻唱/伴奏全收录
2255927341,ϵ('Θ')϶
2403266538,TakeMyHand纯音乐
877305678,浮生有梦三千场
2455304275,希望你也喜欢听
889853056,每一首都可以单曲循环
2111693672,摩羯小郭的听歌列表
2104585665,cffcff0228
531735110,边幺幺´͈ᵕ`͈
701255148,未来无期，当下可寻
832493099,患得患失的梦，牵肠挂肚的酒
2390156692,人皆草木
2132546910,hyokn
615478816,夠酷的人冇風格
2108014070,那个北方女王
2101350522,许先生的歌单
1985984465,纯情太子妖艳妃‖天官赐福
894278029,【天官赐福】为你所向披靡
2095609989,【天官赐福】同人曲
2198897082,听了想恋爱超甜的歌
757173166,在心里私藏一匹马
2167637059,烤面筋鬼畜合集，可带劲啦，发神筋
113441913,◣瞬间爆炸系列◥鬼畜の进攻！？！？
2169656856,「面筋哥.面筋歌.烤面筋.程书林与流浪诗人]
3051814412,发现10月最值得听的音乐丨硬地原创音乐榜
746629064,川渝陷阱
39236129,军营歌曲
2645064014,我的祖国
112292052,爱国歌曲
704143351,这里才是中国有嘻哈
3022221500,中文说唱✔小众宝藏✔安静.走心.情歌.丧歌✔
2808424823,震惊|这些歌手竟然合作过！
2829137850,Vol.51「旋律说唱」
2291115145,《中国新说唱》入围选手作品合集
2373384926,★中国新说唱★作品合集
2526611776,不如来一盒草莓味的HipHop巧克力！
2433867348,中文快嘴RAP？！
984407873,中文说唱历史之专辑和Mixtape不完全收录
2011148288,同一支beat不同的演绎之中文说唱remix
917274677,中国内地嘻哈说唱更新不断
908166367,【嘻哈厂牌】成都-说唱会馆
941879820,【初高中必背古诗文】一背唱出来鸭
922791900,论正确背诗的方式【文言已补充
515406866,一个双鱼座的歌单
2417332469,『失恋博物馆』丨总有遗憾，不可再回头
982705650,好想变成雪啊这样就可以落在先生肩上了
2215088613,不能拒绝的翻唱
544533855,一个双子座的民谣列表
457861711,［古风·乐器纯曲］琴瑟在御，莫不静好
436532035,古风伴奏，另一种享受の方式
2753186312,国风堂【网易云国风音乐企划】已排序
2478524026,G2er
2620917040,G2er，老樊，枯木逢春，解忧邵帅
427650317,陪你度过漫长岁月，
2528379492,不妨听一下关于理想
115900031,【健身运动】必备单曲
108384918,『耳机福利』左右耳已跪
2163404529,听了心情会变好的欢快古风小调
491633141,『耳机党福利』‖慎入！会上瘾❤
115952019,【玩游戏】必备电音Buff
606641571,银临、以冬、玄觞、封茗囧菌，余音袅袅！
819412098,【日常实用】Pr视频剪辑适用BGM
2027010439,〖电萌〗打游戏专用
2099843212,古风电音||茶已凉人偏不走只盼与你看花开
2507890500,适合写作业时随机播放的BGM
162195154,适合做视频的各种音乐
522276495,妈问跪系列『电音』抖腿停不下来～
530205904,『纯电音』强力动感节奏丨释放身心畅快
704540288,国风电音‖朕在大清皇宫打碟
116746576,适合玩游戏时听的BGM
997184266,高考考研国考刷题专用轻音乐
2338668698,纯电音＊点一滴墨、听一曲中国风
2157256550,【徐梦圆】还没走到故事尽头
448779684,【电音】中国风电音（徐梦圆）
2167792027,【China国风电音II】之二胡与笛子的双重奏
2235097256,〖纯音乐〗轻旋淡律，也可以抓住你的耳朵
819184135,国产纯音│它们连名字都很美
2080883300,【睡觉专用】适合晚上安静听的纯音乐
2101188078,中国风与电音的奇妙融合
104007761,背景音乐|视频剪辑的伴奏
2024518101,【复习论文码字代码刷题】静心音乐大全
112403828,纯音乐的殿堂，震撼你的心灵！
1985290357,软妹子萝莉中文萌音
378359716,China系列电音-徐梦圆
440648528,『抖腿指南』那些中国味的电音
2221546487,『纯音』高考&中考丨减压小仓库
379025025,【国人纯音赏】聆听国人华章
157290336,徐梦圆♬新年快乐！万事大吉！(≧ω≦)/
764317991,每月新电音丨持续更新中
2183446622,第五人格游戏原声音乐
967326044,萌系电音萌动次元【甜的冒泡泡哟～】
445967812,一不小心就爱上了电音
2112390817,『国风/古风电音』人声唱曲（非纯音乐）
2195404116,[纯音乐]错落一身宁静，深海浮沉摘星
2148086011,绝美鼓乐集｜華枝春滿天心月圓
2325926555,Rap说唱-艾热&那吾克热
2476938465,说唱艾热gai王以太满舒克jonyj
2793058671,黑怕派对名单(大陆).中国
2756648570,你好，一份来自Rapper的情书，请查收
2613384244,要和Rapper谈恋爱｜国语情歌说唱
313531880,ChineseRap
2342011237,想摘下星星给你，摘下月亮给你，想要都给你
2414177224,2018丛林电子音乐节歌单
2523098153,微博上那些好听的歌。
2328671739,新疆Rapper们(那吾，艾热，马俊，多雷，…)
619149194,《China-有嘻哈》说唱Rap集锦
2129408680,黑怕不怕黑地下八英里
2696770654,中国说唱丨从地下到地上的说唱指南手册
2081557699,中国说唱图鉴丨妙语连珠的中文韵脚
2083161386,热门中文说唱歌曲
2327386780,中国有嘻哈
2454417037,嘻哈糖果/上帝啊这些Rapper情话犯规了
2393250208,国服韩信然然战歌
2047403046,15秒短视频音乐
2378906691,邓典唱过的歌
2737988005,4AM_CPT（小醒目）的歌单
2783351162,甜甜的剧要有甜甜的歌呀
2923580313,藏歌2019年8月情歌
46418200,如果你能听懂
705013963,美术生请你再坚持一下一切都会好起来的
2385589584,最后最后还是放开了手
643512,让你止不住想要跳舞的歌
2572601660,太棒啦！新的一年迎接更好的自己吧
886508088,七夕到了，单身狗有话要说……
2470798714,你放弃过一个爱了很久的人吗？
2249354605,精致小哥哥的专属定制
2490550789,一个人走心
138589088,三糙大法
2468612446,无损人声发烧翻唱版
17570656,刘心最强现场【live】
2267248240,「活着就是恶心」致＋郁
2175820793,［华语］走过流年回首惘然梦一场
695900913,希希催眠曲
2060129341,纯白|适合在婚礼上循环的歌曲
403625303,斗鱼2661554丶菜鸡洛
2292528531,那些很好玩有趣的歌|play
2188513445,想去快乐里躲一躲
647388049,请饮一杯忆北
722089372,既生厌。
932976932,做个有趣的人！开车专属
529121311,经典华语、中文歌、持续更新
2223012115,红海之约不见不散陈翔
520256897,可爱的小阿欣
2551930505,陪伴本就是这世上最了不起的安慰方式
694662240,ساراڭ
539955950,كۇتۇش
639478535,بارالمىدىم.
2126911086,有时翻唱比原唱好听？
39692378,(˘³˘)♡个人取向
2093955541,【2019热播电视剧原声带】（持续更新中)
2712619283,亲爱的热爱的杨紫×李现（蜜汁炖鱿鱼）
521722532,唱首情歌给你听
401095185,值得单曲循环(持续更新中)
2005792744,天娱精选：聆听他们的音乐宣言
2241549889,谭佑铭(谭杰希)
970795698,民谣“不致郁”
2652233997,上仙全部歌曲库存
2045486097,随机播放¡
2107503166,陈翔热门单曲50首
2458750680,喀什三中
2006507510,那些年的青春给了天娱
113393624,小载循环音乐
99151751,_Y1MENG
782445713,路远情长，爱让距离不再遥远
2764684365,只是后来再看任何一个都再无如你一般心动
465626742,啊哦哦的专属歌单
